채널,상품,월,매출,수량
쿠팡,코엔자임Q10,2026-06,46790.0,2.0
쿠팡,오메가3,2026-06,63840.0,16.0
쿠팡,오메가3,2026-06,31920.0,4.0
쿠팡,오메가3,2026-06,83650.0,7.0
쿠팡,오메가3,2026-06,47820.0,3.0
쿠팡,오메가3,2026-06,1393000.0,70.0
쿠팡,오메가3,2026-06,4419650.0,185.0
쿠팡,루테인,2026-06,11950.0,1.0
쿠팡,루테인,2026-06,21400.0,1.0
쿠팡,루테인,2026-06,79600.0,4.0
쿠팡,루테인,2026-06,47780.0,2.0
쿠팡,멀티비타민,2026-06,15960.0,4.0
쿠팡,멀티비타민,2026-06,15960.0,2.0
쿠팡,멀티비타민,2026-06,79600.0,4.0
쿠팡,밀크씨슬,2026-06,15960.0,2.0
쿠팡,밀크씨슬,2026-06,19900.0,1.0
쿠팡,밀크씨슬,2026-06,47780.0,2.0
쿠팡,비타민C,2026-06,19900.0,1.0
쿠팡,세트/기획전,2026-06,11950.0,1.0
쿠팡,올리브오일,2026-06,31920.0,8.0
쿠팡,올리브오일,2026-06,95760.0,12.0
쿠팡,올리브오일,2026-06,95600.0,8.0
쿠팡,올리브오일,2026-06,31880.0,2.0
쿠팡,올리브오일,2026-06,64200.0,3.0
쿠팡,올리브오일,2026-06,1452700.0,73.0
쿠팡,올리브오일,2026-06,1743970.0,73.0
쿠팡,칼마디아K,2026-06,11970.0,3.0
쿠팡,칼마디아K,2026-06,23900.0,2.0
쿠팡,칼마디아K,2026-06,15940.0,1.0
쿠팡,칼마디아K,2026-06,47780.0,2.0
쿠팡,코엔자임Q10,2026-06,354460.0,25.0
쿠팡,MSM,2026-06,39800.0,2.0
쿠팡,MSM,2026-06,23890.0,1.0
쿠팡,마그네슘,2026-06,159250.0,8.0
쿠팡,혈당컷,2026-06,7980.0,2.0
쿠팡,혈당컷,2026-06,7980.0,1.0
쿠팡,혈당컷,2026-06,15940.0,1.0
쿠팡,혈당컷,2026-06,39800.0,2.0
쿠팡,혈당컷,2026-06,334460.0,14.0
GS SHOP,루테인,2026-06,205598.0,7.0
GS SHOP,세트/기획전,2026-06,949660.0,85.0
GS SHOP,코엔자임Q10,2026-06,842951.0,74.0
GS SHOP,코엔자임Q10,2026-06,607303.0,30.0
GS SHOP,코엔자임Q10,2026-06,677638.0,23.0
GS SHOP,MSM,2026-06,866463.0,42.0
GS SHOP,루테인,2026-06,641691.0,47.0
GS SHOP,멀티비타민,2026-06,745148.0,51.0
GS SHOP,밀크씨슬,2026-06,681669.0,47.0
GS SHOP,비타민C,2026-06,358364.0,24.0
GS SHOP,오메가3,2026-06,3762893.0,234.0
GS SHOP,올리브오일,2026-06,15853156.0,1444.0
GS SHOP,칼마디아K,2026-06,501623.0,33.0
GS SHOP,혈당컷,2026-06,3120409.0,176.0
GS SHOP,기타/PB,2026-06,28397.0,1.0
GS SHOP,기타/PB,2026-06,171549.0,6.0
GS SHOP,기타/PB,2026-06,60684.0,2.0
GS SHOP,기타/PB,2026-06,28397.0,1.0
GS SHOP,혈당컷,2026-06,49551.0,3.0
GS SHOP,혈당컷,2026-06,19829.0,1.0
GS SHOP,세트/기획전,2026-06,129390.0,11.0
11번가,오메가3,2026-06,111720.0,28.0
11번가,오메가3,2026-06,159600.0,8.0
11번가,오메가3,2026-06,311220.0,13.0
11번가,루테인,2026-06,11970.0,1.0
11번가,루테인,2026-06,19950.0,5.0
11번가,루테인,2026-06,47880.0,2.0
11번가,밀크씨슬,2026-06,59750.0,5.0
11번가,비타민C,2026-06,39900.0,10.0
11번가,비타민C,2026-06,11970.0,1.0
11번가,오메가3,2026-06,23940.0,2.0
11번가,MSM,2026-06,39900.0,10.0
11번가,MSM,2026-06,119700.0,6.0
11번가,올리브오일,2026-06,11970.0,3.0
11번가,올리브오일,2026-06,299250.0,25.0
11번가,올리브오일,2026-06,159600.0,8.0
11번가,올리브오일,2026-06,24940.0,1.0
11번가,멀티비타민,2026-06,35910.0,3.0
11번가,멀티비타민,2026-06,19950.0,1.0
11번가,멀티비타민,2026-06,47880.0,2.0
11번가,칼마디아K,2026-06,23940.0,6.0
11번가,칼마디아K,2026-06,35910.0,3.0
11번가,코엔자임Q10,2026-06,47880.0,12.0
11번가,코엔자임Q10,2026-06,47880.0,4.0
11번가,코엔자임Q10,2026-06,119700.0,6.0
11번가,코엔자임Q10,2026-06,95760.0,4.0
11번가,코엔자임Q10,2026-06,25440.0,1.0
11번가,마그네슘,2026-06,7980.0,2.0
11번가,마그네슘,2026-06,11970.0,1.0
11번가,마그네슘,2026-06,23940.0,1.0
11번가,혈당컷,2026-06,131670.0,33.0
11번가,혈당컷,2026-06,107730.0,9.0
11번가,혈당컷,2026-06,339150.0,17.0
지마켓,세트/기획전,2026-06,39800.0,2.0
지마켓,오메가3,2026-06,55860.0,14.0
지마켓,오메가3,2026-06,47800.0,4.0
지마켓,오메가3,2026-06,338300.0,17.0
지마켓,오메가3,2026-06,286680.0,12.0
지마켓,루테인,2026-06,3990.0,1.0
지마켓,루테인,2026-06,11950.0,1.0
지마켓,루테인,2026-06,79600.0,4.0
지마켓,밀크씨슬,2026-06,11950.0,1.0
지마켓,비타민C,2026-06,11970.0,3.0
지마켓,비타민C,2026-06,19900.0,1.0
지마켓,세트/기획전,2026-06,11950.0,1.0
지마켓,MSM,2026-06,11950.0,1.0
지마켓,MSM,2026-06,59700.0,3.0
지마켓,MSM,2026-06,23890.0,1.0
지마켓,올리브오일,2026-06,11950.0,1.0
지마켓,올리브오일,2026-06,21400.0,1.0
지마켓,올리브오일,2026-06,278600.0,14.0
지마켓,올리브오일,2026-06,95560.0,4.0
지마켓,멀티비타민,2026-06,3990.0,1.0
지마켓,멀티비타민,2026-06,11950.0,1.0
지마켓,멀티비타민,2026-06,39800.0,2.0
지마켓,칼마디아K,2026-06,3990.0,1.0
지마켓,칼마디아K,2026-06,47800.0,4.0
지마켓,칼마디아K,2026-06,39800.0,2.0
지마켓,코엔자임Q10,2026-06,3990.0,1.0
지마켓,코엔자임Q10,2026-06,23900.0,2.0
지마켓,코엔자임Q10,2026-06,79600.0,4.0
지마켓,마그네슘,2026-06,23900.0,2.0
지마켓,마그네슘,2026-06,19900.0,1.0
지마켓,혈당컷,2026-06,7980.0,2.0
지마켓,혈당컷,2026-06,107550.0,9.0
지마켓,혈당컷,2026-06,537300.0,27.0
지마켓,혈당컷,2026-06,143340.0,6.0
옥션,세트/기획전,2026-06,39800.0,2.0
옥션,오메가3,2026-06,67830.0,17.0
옥션,오메가3,2026-06,131450.0,11.0
옥션,오메가3,2026-06,577100.0,29.0
옥션,오메가3,2026-06,47780.0,2.0
옥션,루테인,2026-06,83790.0,21.0
옥션,루테인,2026-06,23900.0,2.0
옥션,루테인,2026-06,59700.0,3.0
옥션,밀크씨슬,2026-06,11970.0,3.0
옥션,밀크씨슬,2026-06,11950.0,1.0
옥션,비타민C,2026-06,3990.0,1.0
옥션,비타민C,2026-06,35850.0,3.0
옥션,비타민C,2026-06,19900.0,1.0
옥션,세트/기획전,2026-06,11950.0,1.0
옥션,MSM,2026-06,35910.0,9.0
옥션,MSM,2026-06,47800.0,4.0
옥션,올리브오일,2026-06,19950.0,5.0
옥션,올리브오일,2026-06,83650.0,7.0
옥션,올리브오일,2026-06,95560.0,4.0
옥션,멀티비타민,2026-06,51870.0,13.0
옥션,멀티비타민,2026-06,35850.0,3.0
옥션,멀티비타민,2026-06,19900.0,1.0
옥션,칼마디아K,2026-06,15960.0,4.0
옥션,칼마디아K,2026-06,23900.0,2.0
옥션,칼마디아K,2026-06,19900.0,1.0
옥션,코엔자임Q10,2026-06,95760.0,24.0
옥션,코엔자임Q10,2026-06,47800.0,4.0
옥션,코엔자임Q10,2026-06,99500.0,5.0
옥션,코엔자임Q10,2026-06,23890.0,1.0
옥션,마그네슘,2026-06,47880.0,12.0
옥션,마그네슘,2026-06,23900.0,2.0
옥션,혈당컷,2026-06,3990.0,1.0
옥션,혈당컷,2026-06,59750.0,5.0
옥션,혈당컷,2026-06,19900.0,1.0
네이버,MSM,2026-06,18230.0,1.0
네이버,MSM,2026-06,41240.0,2.0
네이버,오메가3,2026-06,80920.0,4.0
네이버,오메가3,2026-06,401050.0,18.0
네이버,루테인,2026-06,39630.0,2.0
네이버,루테인,2026-06,24390.0,1.0
네이버,멀티비타민,2026-06,20920.0,1.0
네이버,멀티비타민,2026-06,46760.0,2.0
네이버,밀크씨슬,2026-06,21620.0,2.0
네이버,비타민C,2026-06,20620.0,1.0
네이버,올리브오일,2026-06,36100.0,2.0
네이버,올리브오일,2026-06,190850.0,10.0
네이버,코엔자임Q10,2026-06,80430.0,4.0
네이버,코엔자임Q10,2026-06,148340.0,7.0
네이버,혈당컷,2026-06,38630.0,2.0
네이버,혈당컷,2026-06,195680.0,10.0
네이버,마그네슘,2026-06,21620.0,1.0
네이버,세트/기획전,2026-06,136700.0,7.0
네이버,세트/기획전,2026-06,37150.0,2.0
네이버,세트/기획전,2026-06,139400.0,13.0
네이버,세트/기획전,2026-06,11950.0,1.0
네이버,MSM,2026-06,86680.0,22.0
네이버,MSM,2026-06,34670.0,3.0
네이버,MSM,2026-06,19700.0,1.0
네이버,MSM,2026-06,159560.0,8.0
네이버,오메가3,2026-06,714030.0,191.0
네이버,오메가3,2026-06,916730.0,79.0
네이버,오메가3,2026-06,784410.0,43.0
네이버,오메가3,2026-06,3106110.0,143.0
네이버,루테인,2026-06,146350.0,42.0
네이버,루테인,2026-06,165600.0,15.0
네이버,루테인,2026-06,78900.0,4.0
네이버,루테인,2026-06,292360.0,13.0
네이버,멀티비타민,2026-06,137240.0,35.0
네이버,멀티비타민,2026-06,210770.0,18.0
네이버,멀티비타민,2026-06,97630.0,5.0
네이버,멀티비타민,2026-06,203070.0,9.0
네이버,세트/기획전,2026-06,23380.0,2.0
네이버,밀크씨슬,2026-06,118200.0,34.0
네이버,밀크씨슬,2026-06,176980.0,15.0
네이버,밀크씨슬,2026-06,119400.0,7.0
네이버,밀크씨슬,2026-06,333150.0,16.0
네이버,세트/기획전,2026-06,69700.0,7.0
네이버,비타민C,2026-06,54790.0,14.0
네이버,비타민C,2026-06,129570.0,12.0
네이버,비타민C,2026-06,196940.0,11.0
네이버,비타민C,2026-06,203380.0,9.0
네이버,기타,2026-06,2950.0,2.0
네이버,세트/기획전,2026-06,35420.0,3.0
네이버,세트/기획전,2026-06,11520.0,1.0
네이버,세트/기획전,2026-06,11950.0,1.0
네이버,세트/기획전,2026-06,11950.0,1.0
네이버,올리브오일,2026-06,1129870.0,310.0
네이버,올리브오일,2026-06,662720.0,59.0
네이버,올리브오일,2026-06,1376070.0,73.0
네이버,올리브오일,2026-06,3814650.0,176.0
네이버,세트/기획전,2026-06,34850.0,3.0
네이버,세트/기획전,2026-06,141480.0,12.0
네이버,세트/기획전,2026-06,11950.0,1.0
네이버,칼마디아K,2026-06,66720.0,17.0
네이버,칼마디아K,2026-06,165390.0,14.0
네이버,칼마디아K,2026-06,19900.0,1.0
네이버,칼마디아K,2026-06,300770.0,14.0
네이버,코엔자임Q10,2026-06,245490.0,64.0
네이버,코엔자임Q10,2026-06,235100.0,22.0
네이버,코엔자임Q10,2026-06,231250.0,12.0
네이버,코엔자임Q10,2026-06,699810.0,32.0
네이버,마그네슘,2026-06,162810.0,41.0
네이버,마그네슘,2026-06,177550.0,15.0
네이버,마그네슘,2026-06,19900.0,1.0
네이버,마그네슘,2026-06,416900.0,19.0
네이버,세트/기획전,2026-06,11950.0,1.0
네이버,혈당컷,2026-06,401700.0,110.0
네이버,혈당컷,2026-06,601420.0,57.0
네이버,혈당컷,2026-06,895370.0,50.0
네이버,혈당컷,2026-06,694020.0,34.0
쿠팡,마그네슘,2026-07,21400.0,1.0
쿠팡,세트/기획전,2026-07,11950.0,1.0
쿠팡,오메가3,2026-07,159600.0,40.0
쿠팡,오메가3,2026-07,47880.0,6.0
쿠팡,오메가3,2026-07,117550.0,9.0
쿠팡,오메가3,2026-07,7800800.0,392.0
쿠팡,오메가3,2026-07,3607390.0,151.0
쿠팡,루테인,2026-07,7980.0,1.0
쿠팡,루테인,2026-07,59700.0,3.0
쿠팡,멀티비타민,2026-07,7980.0,2.0
쿠팡,멀티비타민,2026-07,23940.0,3.0
쿠팡,멀티비타민,2026-07,79600.0,4.0
쿠팡,밀크씨슬,2026-07,7980.0,1.0
쿠팡,밀크씨슬,2026-07,19900.0,1.0
쿠팡,밀크씨슬,2026-07,143340.0,6.0
쿠팡,비타민C,2026-07,11950.0,1.0
쿠팡,비타민C,2026-07,7980.0,1.0
쿠팡,비타민C,2026-07,79600.0,4.0
쿠팡,비타민C,2026-07,25390.0,1.0
쿠팡,세트/기획전,2026-07,11950.0,1.0
쿠팡,오메가3,2026-07,25390.0,1.0
쿠팡,세트/기획전,2026-07,11950.0,1.0
쿠팡,올리브오일,2026-07,11970.0,3.0
쿠팡,올리브오일,2026-07,39900.0,5.0
쿠팡,올리브오일,2026-07,43350.0,3.0
쿠팡,올리브오일,2026-07,21400.0,1.0
쿠팡,올리브오일,2026-07,1512400.0,76.0
쿠팡,올리브오일,2026-07,50780.0,2.0
쿠팡,올리브오일,2026-07,1027270.0,43.0
쿠팡,칼마디아K,2026-07,7980.0,2.0
쿠팡,칼마디아K,2026-07,7980.0,1.0
쿠팡,칼마디아K,2026-07,39800.0,2.0
쿠팡,칼마디아K,2026-07,23890.0,1.0
쿠팡,코엔자임Q10,2026-07,1321570.0,69.0
쿠팡,MSM,2026-07,7980.0,1.0
쿠팡,MSM,2026-07,11950.0,1.0
쿠팡,MSM,2026-07,31880.0,2.0
쿠팡,MSM,2026-07,39800.0,2.0
쿠팡,MSM,2026-07,47780.0,2.0
쿠팡,마그네슘,2026-07,187160.0,15.0
쿠팡,혈당컷,2026-07,59850.0,15.0
쿠팡,혈당컷,2026-07,7980.0,1.0
쿠팡,혈당컷,2026-07,47800.0,4.0
쿠팡,혈당컷,2026-07,199000.0,10.0
쿠팡,혈당컷,2026-07,286680.0,12.0
쿠팡,오메가3,2026-08,75810.0,19.0
쿠팡,오메가3,2026-08,95760.0,12.0
쿠팡,오메가3,2026-08,100400.0,8.0
쿠팡,오메가3,2026-08,1194000.0,60.0
쿠팡,오메가3,2026-08,5470810.0,229.0
쿠팡,세트/기획전,2026-08,23900.0,2.0
쿠팡,루테인,2026-08,3990.0,1.0
쿠팡,루테인,2026-08,39800.0,2.0
쿠팡,루테인,2026-08,47780.0,2.0
쿠팡,멀티비타민,2026-08,11970.0,3.0
쿠팡,멀티비타민,2026-08,7980.0,1.0
쿠팡,멀티비타민,2026-08,23890.0,1.0
쿠팡,밀크씨슬,2026-08,3990.0,1.0
쿠팡,밀크씨슬,2026-08,7980.0,1.0
쿠팡,밀크씨슬,2026-08,11950.0,1.0
쿠팡,밀크씨슬,2026-08,71670.0,3.0
쿠팡,비타민C,2026-08,19900.0,1.0
쿠팡,비타민C,2026-08,47780.0,2.0
쿠팡,세트/기획전,2026-08,35850.0,3.0
쿠팡,올리브오일,2026-08,19950.0,5.0
쿠팡,올리브오일,2026-08,39900.0,5.0
쿠팡,올리브오일,2026-08,14450.0,1.0
쿠팡,올리브오일,2026-08,875600.0,44.0
쿠팡,올리브오일,2026-08,50780.0,2.0
쿠팡,올리브오일,2026-08,3225150.0,135.0
쿠팡,세트/기획전,2026-08,11950.0,1.0
쿠팡,칼마디아K,2026-08,43890.0,11.0
쿠팡,칼마디아K,2026-08,15960.0,2.0
쿠팡,칼마디아K,2026-08,19900.0,1.0
쿠팡,칼마디아K,2026-08,143340.0,6.0
쿠팡,코엔자임Q10,2026-08,1317770.0,75.0
쿠팡,세트/기획전,2026-08,39800.0,2.0
쿠팡,세트/기획전,2026-08,128400.0,6.0
쿠팡,MSM,2026-08,71670.0,3.0
쿠팡,마그네슘,2026-08,422020.0,23.0
쿠팡,혈당컷,2026-08,7980.0,2.0
쿠팡,혈당컷,2026-08,23940.0,3.0
쿠팡,혈당컷,2026-08,11950.0,1.0
쿠팡,혈당컷,2026-08,298500.0,15.0
쿠팡,혈당컷,2026-08,549470.0,23.0
GS SHOP,루테인,2026-07,89081.0,3.0
GS SHOP,세트/기획전,2026-07,44998.0,4.0
GS SHOP,코엔자임Q10,2026-07,1738979.0,157.0
GS SHOP,코엔자임Q10,2026-07,619507.0,31.0
GS SHOP,코엔자임Q10,2026-07,1420628.0,49.0
GS SHOP,MSM,2026-07,373854.0,22.0
GS SHOP,루테인,2026-07,616045.0,53.0
GS SHOP,멀티비타민,2026-07,504657.0,41.0
GS SHOP,밀크씨슬,2026-07,645143.0,49.0
GS SHOP,비타민C,2026-07,177587.0,11.0
GS SHOP,오메가3,2026-07,4023138.0,269.0
GS SHOP,올리브오일,2026-07,4675014.0,374.0
GS SHOP,칼마디아K,2026-07,625135.0,49.0
GS SHOP,혈당컷,2026-07,2112987.0,136.0
GS SHOP,기타,2026-07,28397.0,1.0
GS SHOP,기타/PB,2026-07,56794.0,2.0
GS SHOP,기타/PB,2026-07,141985.0,5.0
GS SHOP,기타/PB,2026-07,56794.0,2.0
GS SHOP,세트/기획전,2026-07,1092170.0,100.0
GS SHOP,루테인,2026-08,146800.0,5.0
GS SHOP,세트/기획전,2026-08,312602.0,28.0
GS SHOP,코엔자임Q10,2026-08,1395236.0,124.0
GS SHOP,코엔자임Q10,2026-08,409012.0,20.0
GS SHOP,코엔자임Q10,2026-08,928501.0,31.0
GS SHOP,코엔자임Q10,2026-08,33446.0,2.0
GS SHOP,MSM,2026-08,325440.0,22.0
GS SHOP,루테인,2026-08,443212.0,37.0
GS SHOP,멀티비타민,2026-08,394264.0,34.0
GS SHOP,밀크씨슬,2026-08,410286.0,34.0
GS SHOP,비타민C,2026-08,253350.0,21.0
GS SHOP,오메가3,2026-08,3380262.0,246.0
GS SHOP,올리브오일,2026-08,3273017.0,264.0
GS SHOP,칼마디아K,2026-08,524581.0,39.0
GS SHOP,혈당컷,2026-08,1737251.0,110.0
GS SHOP,기타/PB,2026-08,31120.0,1.0
GS SHOP,기타/PB,2026-08,30108.0,1.0
GS SHOP,기타/PB,2026-08,29953.0,1.0
GS SHOP,기타/PB,2026-08,58545.0,2.0
GS SHOP,세트/기획전,2026-08,1425781.0,127.0
11번가,세트/기획전,2026-07,39900.0,2.0
11번가,세트/기획전,2026-07,21450.0,1.0
11번가,오메가3,2026-07,47880.0,12.0
11번가,오메가3,2026-07,99750.0,5.0
11번가,오메가3,2026-07,47880.0,2.0
11번가,루테인,2026-07,11970.0,1.0
11번가,루테인,2026-07,11970.0,3.0
11번가,루테인,2026-07,19950.0,1.0
11번가,루테인,2026-07,23940.0,1.0
11번가,밀크씨슬,2026-07,11970.0,3.0
11번가,밀크씨슬,2026-07,11950.0,1.0
11번가,밀크씨슬,2026-07,39800.0,2.0
11번가,비타민C,2026-07,7980.0,2.0
11번가,비타민C,2026-07,23940.0,2.0
11번가,비타민C,2026-07,19950.0,1.0
11번가,오메가3,2026-07,59850.0,5.0
11번가,MSM,2026-07,39900.0,10.0
11번가,MSM,2026-07,23940.0,2.0
11번가,MSM,2026-07,19950.0,1.0
11번가,올리브오일,2026-07,39900.0,10.0
11번가,올리브오일,2026-07,155610.0,13.0
11번가,올리브오일,2026-07,299250.0,15.0
11번가,올리브오일,2026-07,99760.0,4.0
11번가,멀티비타민,2026-07,15960.0,4.0
11번가,멀티비타민,2026-07,35910.0,3.0
11번가,멀티비타민,2026-07,47880.0,2.0
11번가,칼마디아K,2026-07,7980.0,2.0
11번가,칼마디아K,2026-07,23940.0,2.0
11번가,코엔자임Q10,2026-07,11970.0,3.0
11번가,코엔자임Q10,2026-07,143640.0,12.0
11번가,코엔자임Q10,2026-07,219450.0,11.0
11번가,코엔자임Q10,2026-07,119700.0,5.0
11번가,마그네슘,2026-07,15960.0,4.0
11번가,마그네슘,2026-07,11970.0,1.0
11번가,마그네슘,2026-07,179550.0,9.0
11번가,마그네슘,2026-07,23940.0,1.0
11번가,혈당컷,2026-07,111720.0,28.0
11번가,혈당컷,2026-07,71820.0,6.0
11번가,혈당컷,2026-07,279300.0,14.0
11번가,혈당컷,2026-07,49880.0,2.0
11번가,세트/기획전,2026-08,23940.0,2.0
11번가,오메가3,2026-08,11970.0,3.0
11번가,오메가3,2026-08,179550.0,9.0
11번가,오메가3,2026-08,47880.0,2.0
11번가,루테인,2026-08,35910.0,3.0
11번가,루테인,2026-08,23940.0,6.0
11번가,밀크씨슬,2026-08,23940.0,6.0
11번가,밀크씨슬,2026-08,11950.0,1.0
11번가,밀크씨슬,2026-08,23890.0,1.0
11번가,세트/기획전,2026-08,23940.0,2.0
11번가,비타민C,2026-08,3990.0,1.0
11번가,비타민C,2026-08,23940.0,2.0
11번가,비타민C,2026-08,23940.0,1.0
11번가,오메가3,2026-08,59850.0,5.0
11번가,MSM,2026-08,71820.0,6.0
11번가,MSM,2026-08,19950.0,1.0
11번가,MSM,2026-08,23940.0,1.0
11번가,올리브오일,2026-08,131670.0,33.0
11번가,올리브오일,2026-08,191520.0,16.0
11번가,올리브오일,2026-08,319200.0,16.0
11번가,올리브오일,2026-08,74820.0,3.0
11번가,멀티비타민,2026-08,3990.0,1.0
11번가,멀티비타민,2026-08,23940.0,2.0
11번가,멀티비타민,2026-08,47880.0,2.0
11번가,칼마디아K,2026-08,19950.0,5.0
11번가,칼마디아K,2026-08,11970.0,1.0
11번가,칼마디아K,2026-08,39900.0,2.0
11번가,칼마디아K,2026-08,24940.0,1.0
11번가,코엔자임Q10,2026-08,111720.0,28.0
11번가,코엔자임Q10,2026-08,71820.0,6.0
11번가,코엔자임Q10,2026-08,299250.0,15.0
11번가,코엔자임Q10,2026-08,23940.0,1.0
11번가,마그네슘,2026-08,59850.0,15.0
11번가,마그네슘,2026-08,23940.0,2.0
11번가,마그네슘,2026-08,119700.0,6.0
11번가,혈당컷,2026-08,131670.0,33.0
11번가,혈당컷,2026-08,71820.0,6.0
11번가,혈당컷,2026-08,319200.0,16.0
11번가,혈당컷,2026-08,24940.0,1.0
옥션,세트/기획전,2026-08,59700.0,3.0
옥션,세트/기획전,2026-08,128400.0,6.0
옥션,오메가3,2026-08,99750.0,25.0
옥션,오메가3,2026-08,59750.0,5.0
옥션,오메가3,2026-08,338300.0,17.0
옥션,오메가3,2026-08,95560.0,4.0
옥션,루테인,2026-08,11970.0,3.0
옥션,루테인,2026-08,47800.0,4.0
옥션,루테인,2026-08,99500.0,5.0
옥션,밀크씨슬,2026-08,7980.0,2.0
옥션,밀크씨슬,2026-08,11950.0,1.0
옥션,밀크씨슬,2026-08,23890.0,1.0
옥션,비타민C,2026-08,35850.0,3.0
옥션,비타민C,2026-08,23890.0,1.0
옥션,MSM,2026-08,35910.0,9.0
옥션,MSM,2026-08,23900.0,2.0
옥션,MSM,2026-08,19900.0,1.0
옥션,MSM,2026-08,50780.0,2.0
옥션,MSM,2026-08,47780.0,2.0
옥션,올리브오일,2026-08,55860.0,14.0
옥션,올리브오일,2026-08,11950.0,1.0
옥션,올리브오일,2026-08,19900.0,1.0
옥션,올리브오일,2026-08,47780.0,2.0
옥션,멀티비타민,2026-08,23940.0,6.0
옥션,멀티비타민,2026-08,23890.0,1.0
옥션,칼마디아K,2026-08,7980.0,2.0
옥션,칼마디아K,2026-08,23900.0,2.0
옥션,칼마디아K,2026-08,19900.0,1.0
옥션,코엔자임Q10,2026-08,95760.0,24.0
옥션,코엔자임Q10,2026-08,11950.0,1.0
옥션,코엔자임Q10,2026-08,19900.0,1.0
옥션,코엔자임Q10,2026-08,143340.0,6.0
옥션,마그네슘,2026-08,43890.0,11.0
옥션,마그네슘,2026-08,11950.0,1.0
옥션,마그네슘,2026-08,179100.0,9.0
옥션,마그네슘,2026-08,95560.0,4.0
옥션,세트/기획전,2026-08,11950.0,1.0
옥션,혈당컷,2026-08,27930.0,7.0
옥션,혈당컷,2026-08,19900.0,1.0
옥션,혈당컷,2026-08,47780.0,2.0
옥션,세트/기획전,2026-07,79600.0,4.0
옥션,오메가3,2026-07,87780.0,22.0
옥션,오메가3,2026-07,11950.0,1.0
옥션,오메가3,2026-07,238800.0,12.0
옥션,오메가3,2026-07,71670.0,3.0
옥션,루테인,2026-07,15960.0,4.0
옥션,루테인,2026-07,23900.0,2.0
옥션,루테인,2026-07,139300.0,7.0
옥션,루테인,2026-07,23890.0,1.0
옥션,밀크씨슬,2026-07,51870.0,13.0
옥션,밀크씨슬,2026-07,23900.0,2.0
옥션,밀크씨슬,2026-07,21400.0,1.0
옥션,밀크씨슬,2026-07,23890.0,1.0
옥션,세트/기획전,2026-07,11950.0,1.0
옥션,MSM,2026-07,47880.0,12.0
옥션,MSM,2026-07,19900.0,1.0
옥션,MSM,2026-07,47780.0,2.0
옥션,올리브오일,2026-07,19950.0,5.0
옥션,올리브오일,2026-07,59700.0,3.0
옥션,멀티비타민,2026-07,35910.0,9.0
옥션,멀티비타민,2026-07,11950.0,1.0
옥션,칼마디아K,2026-07,11970.0,3.0
옥션,코엔자임Q10,2026-07,3990.0,1.0
옥션,코엔자임Q10,2026-07,59750.0,5.0
옥션,코엔자임Q10,2026-07,179100.0,9.0
옥션,코엔자임Q10,2026-07,23890.0,1.0
옥션,마그네슘,2026-07,35910.0,9.0
옥션,마그네슘,2026-07,11950.0,1.0
옥션,마그네슘,2026-07,39800.0,2.0
옥션,마그네슘,2026-07,47780.0,2.0
옥션,혈당컷,2026-07,71820.0,18.0
옥션,혈당컷,2026-07,23900.0,2.0
옥션,혈당컷,2026-07,21400.0,1.0
옥션,혈당컷,2026-07,95560.0,4.0
지마켓,세트/기획전,2026-07,59700.0,3.0
지마켓,오메가3,2026-07,19950.0,5.0
지마켓,오메가3,2026-07,47800.0,4.0
지마켓,오메가3,2026-07,238800.0,12.0
지마켓,오메가3,2026-07,95560.0,4.0
지마켓,루테인,2026-07,35850.0,3.0
지마켓,밀크씨슬,2026-07,47880.0,12.0
지마켓,밀크씨슬,2026-07,11950.0,1.0
지마켓,비타민C,2026-07,11950.0,1.0
지마켓,세트/기획전,2026-07,11950.0,1.0
지마켓,세트/기획전,2026-07,23900.0,2.0
지마켓,MSM,2026-07,59700.0,3.0
지마켓,올리브오일,2026-07,7980.0,2.0
지마켓,올리브오일,2026-07,23900.0,2.0
지마켓,올리브오일,2026-07,338300.0,17.0
지마켓,올리브오일,2026-07,95560.0,4.0
지마켓,멀티비타민,2026-07,3990.0,1.0
지마켓,멀티비타민,2026-07,35850.0,3.0
지마켓,멀티비타민,2026-07,39800.0,2.0
지마켓,칼마디아K,2026-07,23900.0,2.0
지마켓,코엔자임Q10,2026-07,43890.0,11.0
지마켓,코엔자임Q10,2026-07,11950.0,1.0
지마켓,코엔자임Q10,2026-07,179100.0,9.0
지마켓,코엔자임Q10,2026-07,71670.0,3.0
지마켓,마그네슘,2026-07,7980.0,2.0
지마켓,마그네슘,2026-07,11950.0,1.0
지마켓,마그네슘,2026-07,139300.0,7.0
지마켓,혈당컷,2026-07,7980.0,2.0
지마켓,혈당컷,2026-07,119500.0,10.0
지마켓,혈당컷,2026-07,477600.0,24.0
지마켓,혈당컷,2026-07,25390.0,1.0
지마켓,혈당컷,2026-07,119450.0,5.0
지마켓,오메가3,2026-08,99750.0,25.0
지마켓,오메가3,2026-08,107550.0,9.0
지마켓,오메가3,2026-08,258700.0,13.0
지마켓,오메가3,2026-08,95560.0,4.0
지마켓,루테인,2026-08,7980.0,2.0
지마켓,밀크씨슬,2026-08,27930.0,7.0
지마켓,밀크씨슬,2026-08,35850.0,3.0
지마켓,밀크씨슬,2026-08,19900.0,1.0
지마켓,세트/기획전,2026-08,11950.0,1.0
지마켓,비타민C,2026-08,3990.0,1.0
지마켓,세트/기획전,2026-08,47800.0,4.0
지마켓,올리브오일,2026-08,11950.0,1.0
지마켓,올리브오일,2026-08,398000.0,20.0
지마켓,올리브오일,2026-08,95560.0,4.0
지마켓,멀티비타민,2026-08,15960.0,4.0
지마켓,멀티비타민,2026-08,23900.0,2.0
지마켓,칼마디아K,2026-08,3990.0,1.0
지마켓,칼마디아K,2026-08,21400.0,1.0
지마켓,코엔자임Q10,2026-08,19950.0,5.0
지마켓,코엔자임Q10,2026-08,47800.0,4.0
지마켓,코엔자임Q10,2026-08,298500.0,15.0
지마켓,코엔자임Q10,2026-08,143340.0,6.0
지마켓,마그네슘,2026-08,25390.0,1.0
지마켓,마그네슘,2026-08,23900.0,2.0
지마켓,마그네슘,2026-08,119400.0,6.0
지마켓,마그네슘,2026-08,23890.0,1.0
지마켓,혈당컷,2026-08,7980.0,2.0
지마켓,혈당컷,2026-08,11950.0,1.0
지마켓,혈당컷,2026-08,398000.0,20.0
지마켓,혈당컷,2026-08,143340.0,6.0
네이버,MSM,2026-07,43240.0,2.0
네이버,오메가3,2026-07,405400.0,23.0
네이버,오메가3,2026-07,634830.0,30.0
네이버,루테인,2026-07,68630.0,3.0
네이버,멀티비타민,2026-07,83920.0,4.0
네이버,밀크씨슬,2026-07,25390.0,1.0
네이버,비타민C,2026-07,20400.0,1.0
네이버,올리브오일,2026-07,59030.0,3.0
네이버,올리브오일,2026-07,175370.0,9.0
네이버,코엔자임Q10,2026-07,21400.0,1.0
네이버,코엔자임Q10,2026-07,113640.0,5.0
네이버,혈당컷,2026-07,18230.0,1.0
네이버,혈당컷,2026-07,79980.0,4.0
네이버,마그네슘,2026-07,46010.0,3.0
네이버,세트/기획전,2026-07,291900.0,15.0
네이버,세트/기획전,2026-07,20400.0,1.0
네이버,세트/기획전,2026-07,23900.0,2.0
네이버,MSM,2026-07,23940.0,6.0
네이버,MSM,2026-07,23900.0,2.0
네이버,MSM,2026-07,39800.0,2.0
네이버,MSM,2026-07,43240.0,2.0
네이버,오메가3,2026-07,711990.0,183.0
네이버,오메가3,2026-07,262900.0,25.0
네이버,오메가3,2026-07,1026080.0,55.0
네이버,오메가3,2026-07,2626330.0,121.0
네이버,세트/기획전,2026-07,11950.0,1.0
네이버,루테인,2026-07,103740.0,26.0
네이버,루테인,2026-07,143040.0,12.0
네이버,루테인,2026-07,137630.0,7.0
네이버,루테인,2026-07,300030.0,13.0
네이버,멀티비타민,2026-07,143640.0,36.0
네이버,멀티비타민,2026-07,83650.0,7.0
네이버,멀티비타민,2026-07,59700.0,3.0
네이버,멀티비타민,2026-07,202200.0,12.0
네이버,밀크씨슬,2026-07,95760.0,24.0
네이버,밀크씨슬,2026-07,35850.0,4.0
네이버,밀크씨슬,2026-07,99500.0,5.0
네이버,밀크씨슬,2026-07,408400.0,18.0
네이버,세트/기획전,2026-07,11950.0,1.0
네이버,비타민C,2026-07,39900.0,10.0
네이버,비타민C,2026-07,71700.0,7.0
네이버,비타민C,2026-07,59700.0,3.0
네이버,비타민C,2026-07,185850.0,11.0
네이버,세트/기획전,2026-07,47800.0,5.0
네이버,세트/기획전,2026-07,35850.0,3.0
네이버,올리브오일,2026-07,348920.0,89.0
네이버,올리브오일,2026-07,404300.0,34.0
네이버,올리브오일,2026-07,1246480.0,69.0
네이버,올리브오일,2026-07,2437750.0,110.0
네이버,세트/기획전,2026-07,510980.0,23.0
네이버,세트/기획전,2026-07,23900.0,2.0
네이버,세트/기획전,2026-07,11590.0,1.0
네이버,칼마디아K,2026-07,47880.0,12.0
네이버,칼마디아K,2026-07,179250.0,15.0
네이버,칼마디아K,2026-07,59700.0,3.0
네이버,칼마디아K,2026-07,224310.0,12.0
네이버,코엔자임Q10,2026-07,99550.0,25.0
네이버,코엔자임Q10,2026-07,83650.0,7.0
네이버,코엔자임Q10,2026-07,156530.0,8.0
네이버,코엔자임Q10,2026-07,1000190.0,50.0
네이버,마그네슘,2026-07,222440.0,57.0
네이버,마그네슘,2026-07,167300.0,14.0
네이버,마그네슘,2026-07,316730.0,17.0
네이버,마그네슘,2026-07,1120920.0,51.0
네이버,혈당컷,2026-07,244980.0,62.0
네이버,혈당컷,2026-07,227050.0,19.0
네이버,혈당컷,2026-07,915980.0,49.0
네이버,혈당컷,2026-07,1156830.0,54.0
네이버,오메가3,2026-08,21400.0,1.0
네이버,오메가3,2026-08,49550.0,2.0
네이버,루테인,2026-08,21400.0,1.0
네이버,루테인,2026-08,25390.0,1.0
네이버,올리브오일,2026-08,19260.0,1.0
네이버,코엔자임Q10,2026-08,20330.0,1.0
네이버,코엔자임Q10,2026-08,74940.0,3.0
네이버,혈당컷,2026-08,20330.0,1.0
네이버,혈당컷,2026-08,50780.0,2.0
네이버,마그네슘,2026-08,50780.0,2.0
네이버,세트/기획전,2026-08,79600.0,4.0
네이버,세트/기획전,2026-08,19710.0,1.0
네이버,세트/기획전,2026-08,11950.0,1.0
네이버,세트/기획전,2026-08,125470.0,11.0
네이버,MSM,2026-08,47680.0,12.0
네이버,MSM,2026-08,35490.0,3.0
네이버,MSM,2026-08,116420.0,6.0
네이버,MSM,2026-08,645480.0,34.0
네이버,오메가3,2026-08,525460.0,133.0
네이버,오메가3,2026-08,391350.0,34.0
네이버,오메가3,2026-08,575110.0,29.0
네이버,오메가3,2026-08,3392470.0,167.0
네이버,세트/기획전,2026-08,11950.0,1.0
네이버,루테인,2026-08,67830.0,21.0
네이버,루테인,2026-08,71090.0,6.0
네이버,루테인,2026-08,157630.0,9.0
네이버,루테인,2026-08,491780.0,26.0
네이버,멀티비타민,2026-08,67230.0,17.0
네이버,멀티비타민,2026-08,70140.0,6.0
네이버,멀티비타민,2026-08,97510.0,5.0
네이버,멀티비타민,2026-08,303710.0,15.0
네이버,세트/기획전,2026-08,44800.0,4.0
네이버,밀크씨슬,2026-08,86570.0,23.0
네이버,밀크씨슬,2026-08,59150.0,5.0
네이버,밀크씨슬,2026-08,99500.0,5.0
네이버,밀크씨슬,2026-08,361550.0,21.0
네이버,비타민C,2026-08,63050.0,16.0
네이버,비타민C,2026-08,95600.0,8.0
네이버,비타민C,2026-08,59700.0,4.0
네이버,비타민C,2026-08,344500.0,16.0
네이버,기타,2026-08,4500.0,3.0
네이버,세트/기획전,2026-08,11340.0,1.0
네이버,세트/기획전,2026-08,34650.0,3.0
네이버,세트/기획전,2026-08,34050.0,3.0
네이버,세트/기획전,2026-08,11950.0,1.0
네이버,올리브오일,2026-08,167180.0,42.0
네이버,올리브오일,2026-08,1048550.0,92.0
네이버,올리브오일,2026-08,814910.0,42.0
네이버,올리브오일,2026-08,3134150.0,163.0
네이버,세트/기획전,2026-08,1085300.0,51.0
네이버,세트/기획전,2026-08,11950.0,1.0
네이버,세트/기획전,2026-08,11950.0,1.0
네이버,칼마디아K,2026-08,75610.0,20.0
네이버,칼마디아K,2026-08,106950.0,9.0
네이버,칼마디아K,2026-08,179100.0,9.0
네이버,칼마디아K,2026-08,337460.0,18.0
네이버,코엔자임Q10,2026-08,242170.0,62.0
네이버,코엔자임Q10,2026-08,296600.0,25.0
네이버,코엔자임Q10,2026-08,179100.0,10.0
네이버,코엔자임Q10,2026-08,4529200.0,231.0
네이버,마그네슘,2026-08,193090.0,54.0
네이버,마그네슘,2026-08,154740.0,13.0
네이버,마그네슘,2026-08,376110.0,20.0
네이버,마그네슘,2026-08,1491000.0,75.0
네이버,세트/기획전,2026-08,11950.0,1.0
네이버,혈당컷,2026-08,111520.0,28.0
네이버,혈당컷,2026-08,189980.0,16.0
네이버,혈당컷,2026-08,298500.0,15.0
네이버,혈당컷,2026-08,1080730.0,57.0
