채널,상품,주차,매출,수량
네이버,MSM,1주차,43240.0,2.0
네이버,오메가3,1주차,382830.0,22.0
네이버,오메가3,2주차,20400.0,1.0
네이버,오메가3,3주차,20400.0,1.0
네이버,오메가3,1주차,508880.0,25.0
네이버,오메가3,2주차,125950.0,5.0
네이버,루테인,1주차,18230.0,1.0
네이버,루테인,1주차,43240.0,2.0
네이버,멀티비타민,1주차,59530.0,3.0
네이버,멀티비타민,2주차,24390.0,1.0
네이버,비타민C,3주차,20400.0,1.0
네이버,올리브오일,1주차,18230.0,1.0
네이버,올리브오일,2주차,40800.0,2.0
네이버,올리브오일,1주차,120820.0,6.0
네이버,올리브오일,2주차,75170.0,3.0
네이버,코엔자임Q10,3주차,21400.0,1.0
네이버,코엔자임Q10,1주차,84480.0,4.0
네이버,코엔자임Q10,3주차,25390.0,1.0
네이버,혈당컷,1주차,18230.0,1.0
네이버,혈당컷,1주차,79980.0,4.0
네이버,마그네슘,1주차,20620.0,2.0
네이버,마그네슘,2주차,25390.0,1.0
네이버,세트/기획전,2주차,116150.0,5.0
네이버,세트/기획전,3주차,157830.0,7.0
네이버,세트/기획전,1주차,19900.0,1.0
네이버,세트/기획전,2주차,39800.0,2.0
네이버,세트/기획전,3주차,137700.0,7.0
네이버,세트/기획전,3주차,20400.0,1.0
네이버,세트/기획전,3주차,11950.0,1.0
네이버,MSM,1주차,15790.0,4.0
네이버,MSM,2주차,11970.0,3.0
네이버,MSM,3주차,3990.0,1.0
네이버,MSM,3주차,11950.0,1.0
네이버,MSM,2주차,19900.0,1.0
네이버,MSM,1주차,43240.0,3.0
네이버,오메가3,1주차,91770.0,25.0
네이버,오메가3,2주차,291060.0,76.0
네이버,오메가3,3주차,175550.0,45.0
네이버,오메가3,1주차,114040.0,10.0
네이버,오메가3,2주차,59750.0,5.0
네이버,오메가3,3주차,59750.0,8.0
네이버,오메가3,1주차,71920.0,4.0
네이버,오메가3,2주차,318400.0,18.0
네이버,오메가3,3주차,298500.0,15.0
네이버,오메가3,1주차,757440.0,37.0
네이버,오메가3,2주차,676810.0,31.0
네이버,오메가3,3주차,487690.0,23.0
네이버,루테인,1주차,27760.0,7.0
네이버,루테인,2주차,51870.0,13.0
네이버,루테인,3주차,7980.0,2.0
네이버,루테인,1주차,35850.0,3.0
네이버,루테인,2주차,11950.0,1.0
네이버,루테인,3주차,59750.0,5.0
네이버,루테인,1주차,18230.0,1.0
네이버,루테인,3주차,19900.0,1.0
네이버,루테인,1주차,42240.0,2.0
네이버,루테인,2주차,94560.0,4.0
네이버,루테인,3주차,46780.0,2.0
네이버,멀티비타민,1주차,47880.0,12.0
네이버,멀티비타민,2주차,67830.0,17.0
네이버,멀티비타민,1주차,11700.0,1.0
네이버,멀티비타민,2주차,11950.0,1.0
네이버,멀티비타민,3주차,35850.0,3.0
네이버,멀티비타민,2주차,19900.0,1.0
네이버,멀티비타민,3주차,19900.0,1.0
네이버,멀티비타민,1주차,84480.0,4.0
네이버,멀티비타민,2주차,46780.0,2.0
네이버,멀티비타민,3주차,92560.0,7.0
네이버,밀크씨슬,1주차,15960.0,4.0
네이버,밀크씨슬,2주차,15960.0,4.0
네이버,밀크씨슬,3주차,31920.0,8.0
네이버,밀크씨슬,1주차,23560.0,2.0
네이버,밀크씨슬,2주차,23900.0,2.0
네이버,밀크씨슬,2주차,19900.0,1.0
네이버,밀크씨슬,3주차,19900.0,1.0
네이버,밀크씨슬,1주차,148340.0,7.0
네이버,밀크씨슬,2주차,93560.0,4.0
네이버,밀크씨슬,3주차,71670.0,3.0
네이버,세트/기획전,3주차,11950.0,1.0
네이버,비타민C,1주차,7980.0,2.0
네이버,비타민C,2주차,15960.0,4.0
네이버,비타민C,1주차,11950.0,1.0
네이버,비타민C,2주차,11950.0,1.0
네이버,비타민C,3주차,11950.0,2.0
네이버,비타민C,2주차,19900.0,1.0
네이버,비타민C,1주차,43240.0,5.0
네이버,비타민C,2주차,45780.0,2.0
네이버,비타민C,3주차,47780.0,2.0
네이버,세트/기획전,1주차,11950.0,1.0
네이버,세트/기획전,1주차,11950.0,1.0
네이버,올리브오일,1주차,202290.0,51.0
네이버,올리브오일,2주차,118700.0,31.0
네이버,올리브오일,3주차,35910.0,9.0
네이버,올리브오일,1주차,83650.0,8.0
네이버,올리브오일,2주차,83650.0,7.0
네이버,올리브오일,3주차,154350.0,13.0
네이버,올리브오일,1주차,251570.0,16.0
네이버,올리브오일,2주차,273700.0,15.0
네이버,올리브오일,3주차,318400.0,17.0
네이버,올리브오일,1주차,1215350.0,59.0
네이버,올리브오일,2주차,495690.0,22.0
네이버,올리브오일,3주차,540470.0,23.0
네이버,세트/기획전,1주차,23900.0,2.0
네이버,세트/기획전,1주차,11590.0,1.0
네이버,칼마디아K,1주차,15960.0,4.0
네이버,칼마디아K,2주차,23940.0,6.0
네이버,칼마디아K,3주차,3990.0,1.0
네이버,칼마디아K,1주차,35510.0,3.0
네이버,칼마디아K,2주차,71700.0,6.0
네이버,칼마디아K,3주차,23900.0,2.0
네이버,칼마디아K,1주차,63860.0,3.0
네이버,칼마디아K,2주차,46780.0,2.0
네이버,칼마디아K,3주차,89780.0,6.0
네이버,코엔자임Q10,1주차,55490.0,14.0
네이버,코엔자임Q10,2주차,47880.0,12.0
네이버,코엔자임Q10,2주차,23900.0,2.0
네이버,코엔자임Q10,3주차,47800.0,4.0
네이버,코엔자임Q10,1주차,18230.0,1.0
네이버,코엔자임Q10,2주차,19900.0,1.0
네이버,코엔자임Q10,3주차,19900.0,1.0
네이버,코엔자임Q10,1주차,231820.0,11.0
네이버,코엔자임Q10,2주차,323460.0,15.0
네이버,코엔자임Q10,3주차,211010.0,12.0
네이버,마그네슘,1주차,31720.0,8.0
네이버,마그네슘,2주차,91770.0,23.0
네이버,마그네슘,3주차,23940.0,6.0
네이버,마그네슘,1주차,11950.0,1.0
네이버,마그네슘,2주차,47800.0,4.0
네이버,마그네슘,3주차,35850.0,3.0
네이버,마그네슘,1주차,18230.0,1.0
네이버,마그네슘,2주차,139300.0,7.0
네이버,마그네슘,3주차,99500.0,6.0
네이버,마그네슘,1주차,186580.0,9.0
네이버,마그네슘,2주차,255890.0,11.0
네이버,마그네슘,3주차,307570.0,14.0
네이버,세트/기획전,1주차,11950.0,1.0
네이버,혈당컷,1주차,110320.0,30.0
네이버,혈당컷,2주차,106730.0,27.0
네이버,혈당컷,3주차,23940.0,6.0
네이버,혈당컷,1주차,82650.0,7.0
네이버,혈당컷,2주차,47800.0,4.0
네이버,혈당컷,3주차,47800.0,4.0
네이버,혈당컷,1주차,160420.0,9.0
네이버,혈당컷,2주차,358200.0,20.0
네이버,혈당컷,3주차,294520.0,15.0
네이버,혈당컷,1주차,337920.0,16.0
네이버,혈당컷,2주차,276900.0,15.0
네이버,혈당컷,3주차,258790.0,11.0
11번가,오메가3,2주차,27930.0,7.0
11번가,오메가3,2주차,59850.0,3.0
11번가,오메가3,1주차,95760.0,4.0
11번가,오메가3,2주차,47880.0,2.0
11번가,루테인,1주차,11970.0,1.0
11번가,루테인,2주차,11970.0,1.0
11번가,루테인,1주차,19950.0,5.0
11번가,루테인,2주차,3990.0,1.0
11번가,루테인,1주차,19950.0,1.0
11번가,루테인,2주차,23940.0,1.0
11번가,밀크씨슬,2주차,3990.0,1.0
11번가,밀크씨슬,2주차,11950.0,1.0
11번가,밀크씨슬,2주차,19900.0,1.0
11번가,밀크씨슬,3주차,19900.0,1.0
11번가,비타민C,1주차,3990.0,1.0
11번가,비타민C,2주차,3990.0,1.0
11번가,비타민C,1주차,19950.0,1.0
11번가,오메가3,1주차,35910.0,3.0
11번가,오메가3,2주차,23940.0,2.0
11번가,MSM,1주차,39900.0,10.0
11번가,MSM,1주차,11970.0,1.0
11번가,MSM,2주차,11970.0,1.0
11번가,MSM,1주차,19950.0,1.0
11번가,올리브오일,1주차,15960.0,4.0
11번가,올리브오일,2주차,59850.0,5.0
11번가,올리브오일,3주차,11970.0,1.0
11번가,올리브오일,1주차,99750.0,5.0
11번가,올리브오일,2주차,59850.0,3.0
11번가,올리브오일,3주차,39900.0,2.0
11번가,멀티비타민,2주차,7980.0,2.0
11번가,멀티비타민,2주차,35910.0,3.0
11번가,멀티비타민,2주차,23940.0,1.0
11번가,칼마디아K,1주차,3990.0,1.0
11번가,칼마디아K,1주차,23940.0,2.0
11번가,코엔자임Q10,1주차,23940.0,6.0
11번가,코엔자임Q10,1주차,23940.0,2.0
11번가,코엔자임Q10,2주차,23940.0,2.0
11번가,코엔자임Q10,1주차,119700.0,6.0
11번가,코엔자임Q10,2주차,19950.0,1.0
11번가,코엔자임Q10,3주차,19950.0,1.0
11번가,코엔자임Q10,1주차,23940.0,1.0
11번가,코엔자임Q10,3주차,23940.0,1.0
11번가,마그네슘,1주차,39900.0,2.0
11번가,마그네슘,2주차,59850.0,3.0
11번가,혈당컷,1주차,23940.0,6.0
11번가,혈당컷,2주차,3990.0,1.0
11번가,혈당컷,1주차,23940.0,2.0
11번가,혈당컷,2주차,35910.0,3.0
11번가,혈당컷,1주차,19950.0,1.0
11번가,혈당컷,2주차,179550.0,9.0
11번가,혈당컷,2주차,24940.0,1.0
11번가,혈당컷,3주차,24940.0,1.0
옥션,세트/기획전,1주차,19900.0,1.0
옥션,세트/기획전,3주차,39800.0,2.0
옥션,오메가3,1주차,7980.0,2.0
옥션,오메가3,3주차,31920.0,8.0
옥션,오메가3,2주차,11950.0,1.0
옥션,오메가3,1주차,119400.0,6.0
옥션,오메가3,2주차,79600.0,4.0
옥션,오메가3,1주차,23890.0,1.0
옥션,오메가3,2주차,23890.0,1.0
옥션,루테인,1주차,19950.0,5.0
옥션,루테인,2주차,11950.0,1.0
옥션,루테인,3주차,11950.0,1.0
옥션,루테인,1주차,39800.0,2.0
옥션,루테인,2주차,59700.0,3.0
옥션,루테인,3주차,39800.0,2.0
옥션,루테인,1주차,23890.0,1.0
옥션,밀크씨슬,1주차,7980.0,2.0
옥션,밀크씨슬,3주차,19950.0,5.0
옥션,MSM,1주차,15960.0,4.0
옥션,MSM,2주차,23940.0,6.0
옥션,MSM,2주차,23890.0,1.0
옥션,올리브오일,2주차,39800.0,2.0
옥션,올리브오일,3주차,19900.0,1.0
옥션,올리브오일,1주차,23890.0,1.0
옥션,멀티비타민,1주차,19950.0,5.0
옥션,멀티비타민,3주차,15960.0,4.0
옥션,칼마디아K,1주차,3990.0,1.0
옥션,코엔자임Q10,1주차,3990.0,1.0
옥션,코엔자임Q10,1주차,23900.0,2.0
옥션,코엔자임Q10,2주차,35850.0,3.0
옥션,코엔자임Q10,3주차,11950.0,1.0
옥션,코엔자임Q10,2주차,119400.0,6.0
옥션,코엔자임Q10,2주차,23890.0,1.0
옥션,마그네슘,1주차,27930.0,7.0
옥션,마그네슘,2주차,7980.0,2.0
옥션,마그네슘,1주차,19900.0,1.0
옥션,마그네슘,1주차,23890.0,1.0
옥션,마그네슘,2주차,23890.0,1.0
옥션,혈당컷,1주차,35910.0,9.0
옥션,혈당컷,3주차,15960.0,4.0
옥션,혈당컷,2주차,11950.0,1.0
옥션,혈당컷,2주차,21400.0,1.0
옥션,혈당컷,1주차,47780.0,2.0
옥션,혈당컷,2주차,23890.0,1.0
지마켓,세트/기획전,2주차,19900.0,1.0
지마켓,오메가3,2주차,23900.0,2.0
지마켓,오메가3,3주차,11950.0,1.0
지마켓,오메가3,1주차,139300.0,7.0
지마켓,오메가3,2주차,39800.0,2.0
지마켓,오메가3,3주차,39800.0,2.0
지마켓,오메가3,1주차,47780.0,2.0
지마켓,오메가3,2주차,71670.0,3.0
지마켓,루테인,2주차,11950.0,1.0
지마켓,루테인,1주차,47780.0,2.0
지마켓,루테인,2주차,-47780.0,-2.0
지마켓,MSM,2주차,39800.0,2.0
지마켓,올리브오일,3주차,11950.0,1.0
지마켓,올리브오일,1주차,39800.0,2.0
지마켓,올리브오일,2주차,119400.0,6.0
지마켓,올리브오일,3주차,39800.0,2.0
지마켓,올리브오일,2주차,23890.0,1.0
지마켓,올리브오일,3주차,23890.0,1.0
지마켓,멀티비타민,2주차,3990.0,1.0
지마켓,멀티비타민,2주차,11950.0,1.0
지마켓,멀티비타민,1주차,19900.0,1.0
지마켓,멀티비타민,2주차,19900.0,1.0
지마켓,코엔자임Q10,2주차,39900.0,10.0
지마켓,코엔자임Q10,3주차,3990.0,1.0
지마켓,코엔자임Q10,1주차,59700.0,3.0
지마켓,코엔자임Q10,2주차,-19900.0,-1.0
지마켓,코엔자임Q10,3주차,19900.0,1.0
지마켓,코엔자임Q10,1주차,23890.0,1.0
지마켓,코엔자임Q10,2주차,23890.0,1.0
지마켓,코엔자임Q10,3주차,23890.0,1.0
지마켓,마그네슘,3주차,7980.0,2.0
지마켓,마그네슘,3주차,79600.0,4.0
지마켓,혈당컷,1주차,35850.0,3.0
지마켓,혈당컷,2주차,11950.0,1.0
지마켓,혈당컷,1주차,139300.0,7.0
지마켓,혈당컷,2주차,59700.0,3.0
지마켓,혈당컷,3주차,79600.0,4.0
지마켓,혈당컷,1주차,23890.0,1.0
지마켓,혈당컷,2주차,23890.0,1.0
쿠팡,코엔자임Q10,1주차,21400.0,1.0
쿠팡,세트/기획전,1주차,11950.0,1.0
쿠팡,오메가3,1주차,31920.0,8.0
쿠팡,오메가3,1주차,23940.0,3.0
쿠팡,오메가3,1주차,59750.0,5.0
쿠팡,오메가3,1주차,477600.0,24.0
쿠팡,오메가3,1주차,2126210.0,89.0
쿠팡,루테인,1주차,11950.0,1.0
쿠팡,루테인,1주차,23890.0,1.0
쿠팡,멀티비타민,1주차,7980.0,1.0
쿠팡,멀티비타민,1주차,39800.0,2.0
쿠팡,밀크씨슬,1주차,7980.0,1.0
쿠팡,비타민C,1주차,19900.0,1.0
쿠팡,세트/기획전,1주차,11950.0,1.0
쿠팡,올리브오일,1주차,15960.0,2.0
쿠팡,올리브오일,1주차,417900.0,21.0
쿠팡,올리브오일,1주차,334460.0,14.0
쿠팡,칼마디아K,1주차,3990.0,1.0
쿠팡,칼마디아K,1주차,23900.0,2.0
쿠팡,코엔자임Q10,1주차,218950.0,13.0
쿠팡,마그네슘,1주차,71650.0,4.0
쿠팡,혈당컷,1주차,39800.0,2.0
쿠팡,혈당컷,1주차,95560.0,4.0
쿠팡,MSM,2주차,7980.0,1.0
쿠팡,MSM,2주차,15940.0,1.0
쿠팡,MSM,2주차,19900.0,1.0
쿠팡,MSM,2주차,23890.0,1.0
쿠팡,오메가3,2주차,43890.0,11.0
쿠팡,오메가3,2주차,23940.0,3.0
쿠팡,오메가3,2주차,67250.0,5.0
쿠팡,오메가3,2주차,875600.0,44.0
쿠팡,오메가3,2주차,1385620.0,58.0
쿠팡,루테인,2주차,19900.0,1.0
쿠팡,멀티비타민,2주차,7980.0,2.0
쿠팡,비타민C,2주차,7980.0,1.0
쿠팡,비타민C,2주차,19900.0,1.0
쿠팡,비타민C,2주차,25390.0,1.0
쿠팡,올리브오일,2주차,3990.0,1.0
쿠팡,올리브오일,2주차,7980.0,1.0
쿠팡,올리브오일,2주차,14450.0,1.0
쿠팡,올리브오일,2주차,278600.0,14.0
쿠팡,올리브오일,2주차,167230.0,7.0
쿠팡,칼마디아K,2주차,39800.0,2.0
쿠팡,칼마디아K,2주차,23890.0,1.0
쿠팡,코엔자임Q10,2주차,230900.0,11.0
쿠팡,비타민C,2주차,11950.0,1.0
쿠팡,마그네슘,2주차,39850.0,5.0
쿠팡,혈당컷,2주차,3990.0,1.0
쿠팡,혈당컷,2주차,7980.0,1.0
쿠팡,혈당컷,2주차,39800.0,2.0
쿠팡,혈당컷,2주차,71670.0,3.0
쿠팡,마그네슘,3주차,21400.0,1.0
쿠팡,오메가3,3주차,31920.0,8.0
쿠팡,오메가3,3주차,7980.0,1.0
쿠팡,오메가3,3주차,1492500.0,75.0
쿠팡,오메가3,3주차,477800.0,20.0
쿠팡,루테인,3주차,19900.0,1.0
쿠팡,멀티비타민,3주차,39800.0,2.0
쿠팡,밀크씨슬,3주차,47780.0,2.0
쿠팡,오메가3,3주차,25390.0,1.0
쿠팡,세트/기획전,3주차,11950.0,1.0
쿠팡,올리브오일,3주차,7980.0,1.0
쿠팡,올리브오일,3주차,14450.0,1.0
쿠팡,올리브오일,3주차,21400.0,1.0
쿠팡,올리브오일,3주차,298500.0,15.0
쿠팡,올리브오일,3주차,334460.0,14.0
쿠팡,코엔자임Q10,3주차,234840.0,13.0
쿠팡,마그네슘,3주차,27880.0,3.0
쿠팡,혈당컷,3주차,47880.0,12.0
쿠팡,혈당컷,3주차,11950.0,1.0
쿠팡,혈당컷,3주차,19900.0,1.0
쿠팡,혈당컷,3주차,23890.0,1.0
GS SHOP,세트/기획전,1주차,12367.0,1.0
GS SHOP,코엔자임Q10,1주차,363411.0,33.0
GS SHOP,코엔자임Q10,1주차,218697.0,11.0
GS SHOP,코엔자임Q10,1주차,344654.0,12.0
GS SHOP,MSM,1주차,135342.0,6.0
GS SHOP,루테인,1주차,201692.0,16.0
GS SHOP,멀티비타민,1주차,122056.0,8.0
GS SHOP,밀크씨슬,1주차,163391.0,13.0
GS SHOP,비타민C,1주차,80038.0,4.0
GS SHOP,오메가3,1주차,926708.0,54.0
GS SHOP,올리브오일,1주차,3018873.0,259.0
GS SHOP,칼마디아K,1주차,83589.0,7.0
GS SHOP,혈당컷,1주차,578003.0,34.0
GS SHOP,기타/PB,1주차,28397.0,1.0
GS SHOP,기타/PB,1주차,28397.0,1.0
GS SHOP,기타/PB,1주차,85191.0,3.0
GS SHOP,세트/기획전,1주차,10877.0,1.0
GS SHOP,세트/기획전,2주차,12367.0,1.0
GS SHOP,코엔자임Q10,2주차,428971.0,38.0
GS SHOP,코엔자임Q10,2주차,145529.0,7.0
GS SHOP,코엔자임Q10,2주차,324037.0,11.0
GS SHOP,MSM,2주차,166607.0,11.0
GS SHOP,루테인,2주차,177176.0,16.0
GS SHOP,멀티비타민,2주차,132250.0,10.0
GS SHOP,밀크씨슬,2주차,171807.0,11.0
GS SHOP,비타민C,2주차,12367.0,1.0
GS SHOP,오메가3,2주차,853203.0,64.0
GS SHOP,올리브오일,2주차,1152592.0,91.0
GS SHOP,칼마디아K,2주차,159069.0,11.0
GS SHOP,혈당컷,2주차,530426.0,28.0
GS SHOP,기타/PB,2주차,28397.0,1.0
GS SHOP,세트/기획전,2주차,641743.0,59.0
GS SHOP,세트/기획전,3주차,21754.0,2.0
GS SHOP,코엔자임Q10,3주차,348064.0,32.0
GS SHOP,코엔자임Q10,3주차,98185.0,5.0
GS SHOP,코엔자임Q10,3주차,369161.0,13.0
GS SHOP,MSM,3주차,39274.0,2.0
GS SHOP,루테인,3주차,161038.0,14.0
GS SHOP,멀티비타민,3주차,108770.0,10.0
GS SHOP,밀크씨슬,3주차,117530.0,10.0
GS SHOP,비타민C,3주차,32631.0,3.0
GS SHOP,오메가3,3주차,693062.0,46.0
GS SHOP,올리브오일,3주차,611813.0,49.0
GS SHOP,칼마디아K,3주차,184909.0,17.0
GS SHOP,혈당컷,3주차,248346.0,18.0
GS SHOP,세트/기획전,3주차,282802.0,26.0
GS SHOP,루테인,4주차,89081.0,3.0
GS SHOP,세트/기획전,4주차,10877.0,1.0
GS SHOP,코엔자임Q10,4주차,337485.0,30.0
GS SHOP,코엔자임Q10,4주차,58911.0,3.0
GS SHOP,코엔자임Q10,4주차,269188.0,9.0
GS SHOP,MSM,4주차,61028.0,4.0
GS SHOP,루테인,4주차,77629.0,7.0
GS SHOP,멀티비타민,4주차,198375.0,15.0
GS SHOP,밀크씨슬,4주차,166427.0,11.0
GS SHOP,비타민C,4주차,99958.0,4.0
GS SHOP,오메가3,4주차,1245890.0,80.0
GS SHOP,올리브오일,4주차,545081.0,33.0
GS SHOP,칼마디아K,4주차,103909.0,7.0
GS SHOP,혈당컷,4주차,604679.0,42.0
GS SHOP,기타,4주차,28397.0,1.0
GS SHOP,기타/PB,4주차,28397.0,1.0
GS SHOP,기타/PB,4주차,85191.0,3.0
GS SHOP,세트/기획전,4주차,69732.0,6.0
11번가,올리브오일,4주차,11970.0,3.0
11번가,올리브오일,4주차,19950.0,1.0
11번가,코엔자임Q10,4주차,95760.0,8.0
11번가,코엔자임Q10,4주차,19950.0,1.0
11번가,코엔자임Q10,4주차,47880.0,2.0
11번가,혈당컷,4주차,39900.0,10.0
옥션,세트/기획전,4주차,19900.0,1.0
옥션,오메가3,4주차,23940.0,6.0
옥션,오메가3,4주차,19900.0,1.0
옥션,오메가3,4주차,23890.0,1.0
옥션,루테인,4주차,3990.0,1.0
옥션,밀크씨슬,4주차,23940.0,6.0
옥션,밀크씨슬,4주차,23900.0,2.0
옥션,밀크씨슬,4주차,21400.0,1.0
옥션,밀크씨슬,4주차,23890.0,1.0
옥션,세트/기획전,4주차,11950.0,1.0
옥션,MSM,4주차,11970.0,3.0
옥션,MSM,4주차,23890.0,1.0
옥션,올리브오일,4주차,19950.0,5.0
옥션,멀티비타민,4주차,11950.0,1.0
옥션,칼마디아K,4주차,7980.0,2.0
옥션,코엔자임Q10,4주차,3990.0,1.0
옥션,마그네슘,4주차,11950.0,1.0
옥션,마그네슘,4주차,19900.0,1.0
옥션,혈당컷,4주차,19950.0,5.0
옥션,혈당컷,4주차,11950.0,1.0
지마켓,세트/기획전,4주차,39800.0,2.0
지마켓,오메가3,4주차,19950.0,5.0
지마켓,오메가3,4주차,11950.0,1.0
지마켓,오메가3,4주차,19900.0,1.0
지마켓,루테인,4주차,11950.0,1.0
지마켓,밀크씨슬,4주차,47880.0,12.0
지마켓,밀크씨슬,4주차,11950.0,1.0
지마켓,비타민C,4주차,11950.0,1.0
지마켓,세트/기획전,4주차,11950.0,1.0
지마켓,세트/기획전,4주차,23900.0,2.0
지마켓,올리브오일,4주차,11950.0,1.0
지마켓,올리브오일,4주차,59700.0,3.0
지마켓,올리브오일,4주차,47780.0,2.0
지마켓,멀티비타민,4주차,23900.0,2.0
지마켓,칼마디아K,4주차,11950.0,1.0
지마켓,코엔자임Q10,4주차,11950.0,1.0
지마켓,코엔자임Q10,4주차,99500.0,5.0
지마켓,마그네슘,4주차,11950.0,1.0
지마켓,마그네슘,4주차,59700.0,3.0
지마켓,혈당컷,4주차,7980.0,2.0
지마켓,혈당컷,4주차,47800.0,4.0
지마켓,혈당컷,4주차,139300.0,7.0
지마켓,혈당컷,4주차,25390.0,1.0
지마켓,혈당컷,4주차,95560.0,4.0
쿠팡,MSM,4주차,15940.0,1.0
쿠팡,오메가3,4주차,39900.0,10.0
쿠팡,오메가3,4주차,14450.0,1.0
쿠팡,오메가3,4주차,2885500.0,145.0
쿠팡,오메가3,4주차,334460.0,14.0
쿠팡,멀티비타민,4주차,15960.0,2.0
쿠팡,밀크씨슬,4주차,19900.0,1.0
쿠팡,밀크씨슬,4주차,47780.0,2.0
쿠팡,비타민C,4주차,39800.0,2.0
쿠팡,올리브오일,4주차,7980.0,2.0
쿠팡,올리브오일,4주차,14450.0,1.0
쿠팡,올리브오일,4주차,218900.0,11.0
쿠팡,올리브오일,4주차,25390.0,1.0
쿠팡,올리브오일,4주차,167230.0,7.0
쿠팡,코엔자임Q10,4주차,449800.0,23.0
쿠팡,마그네슘,4주차,43790.0,3.0
쿠팡,혈당컷,4주차,3990.0,1.0
쿠팡,혈당컷,4주차,11950.0,1.0
쿠팡,혈당컷,4주차,39800.0,2.0
쿠팡,혈당컷,4주차,47780.0,2.0
네이버,코엔자임Q10,4주차,25390.0,1.0
네이버,세트/기획전,4주차,141940.0,6.0
네이버,세트/기획전,4주차,74600.0,4.0
네이버,세트/기획전,4주차,11950.0,1.0
네이버,MSM,4주차,11950.0,1.0
네이버,오메가3,4주차,82790.0,21.0
네이버,오메가3,4주차,59750.0,5.0
네이버,오메가3,4주차,298500.0,15.0
네이버,오메가3,4주차,632030.0,27.0
네이버,루테인,4주차,27930.0,7.0
네이버,루테인,4주차,19900.0,1.0
네이버,루테인,4주차,92560.0,4.0
네이버,멀티비타민,4주차,15960.0,4.0
네이버,멀티비타민,4주차,23900.0,2.0
네이버,밀크씨슬,4주차,23940.0,6.0
네이버,밀크씨슬,4주차,19900.0,1.0
네이버,밀크씨슬,4주차,46780.0,2.0
네이버,비타민C,4주차,7980.0,2.0
네이버,비타민C,4주차,35850.0,3.0
네이버,비타민C,4주차,19900.0,1.0
네이버,비타민C,4주차,46780.0,2.0
네이버,세트/기획전,4주차,11950.0,1.0
네이버,세트/기획전,4주차,35850.0,3.0
네이버,올리브오일,4주차,50870.0,13.0
네이버,올리브오일,4주차,82650.0,7.0
네이버,올리브오일,4주차,318200.0,17.0
네이버,올리브오일,4주차,321980.0,14.0
네이버,칼마디아K,4주차,7980.0,2.0
네이버,칼마디아K,4주차,35850.0,3.0
네이버,코엔자임Q10,4주차,23940.0,6.0
네이버,코엔자임Q10,4주차,11950.0,1.0
네이버,코엔자임Q10,4주차,19900.0,1.0
네이버,코엔자임Q10,4주차,115450.0,5.0
네이버,마그네슘,4주차,23940.0,6.0
네이버,마그네슘,4주차,23900.0,2.0
네이버,마그네슘,4주차,39800.0,2.0
네이버,마그네슘,4주차,164230.0,7.0
네이버,혈당컷,4주차,11970.0,3.0
네이버,혈당컷,4주차,47800.0,4.0
네이버,혈당컷,4주차,59700.0,3.0
네이버,혈당컷,4주차,255790.0,11.0
쿠팡,MSM,5주차,11950.0,1.0
쿠팡,MSM,5주차,19900.0,1.0
쿠팡,MSM,5주차,23890.0,1.0
쿠팡,오메가3,5주차,19950.0,5.0
쿠팡,오메가3,5주차,2368100.0,119.0
쿠팡,오메가3,5주차,191120.0,8.0
쿠팡,세트/기획전,5주차,11950.0,1.0
쿠팡,루테인,5주차,7980.0,1.0
쿠팡,루테인,5주차,19900.0,1.0
쿠팡,밀크씨슬,5주차,7980.0,1.0
쿠팡,밀크씨슬,5주차,47780.0,2.0
쿠팡,비타민C,5주차,19900.0,1.0
쿠팡,세트/기획전,5주차,11950.0,1.0
쿠팡,올리브오일,5주차,23940.0,3.0
쿠팡,올리브오일,5주차,557200.0,28.0
쿠팡,올리브오일,5주차,25390.0,1.0
쿠팡,올리브오일,5주차,286680.0,12.0
쿠팡,칼마디아K,5주차,3990.0,1.0
쿠팡,칼마디아K,5주차,7980.0,1.0
쿠팡,칼마디아K,5주차,47780.0,2.0
쿠팡,코엔자임Q10,5주차,421940.0,20.0
쿠팡,마그네슘,5주차,67680.0,3.0
쿠팡,혈당컷,5주차,3990.0,1.0
쿠팡,혈당컷,5주차,23900.0,2.0
쿠팡,혈당컷,5주차,99500.0,5.0
쿠팡,혈당컷,5주차,95560.0,4.0
GS SHOP,코엔자임Q10,5주차,532973.0,49.0
GS SHOP,코엔자임Q10,5주차,235644.0,12.0
GS SHOP,코엔자임Q10,5주차,425955.0,15.0
GS SHOP,MSM,5주차,61028.0,4.0
GS SHOP,루테인,5주차,65262.0,6.0
GS SHOP,멀티비타민,5주차,76139.0,7.0
GS SHOP,밀크씨슬,5주차,139284.0,12.0
GS SHOP,비타민C,5주차,54385.0,5.0
GS SHOP,오메가3,5주차,954402.0,66.0
GS SHOP,올리브오일,5주차,1361893.0,116.0
GS SHOP,칼마디아K,5주차,135050.0,10.0
GS SHOP,혈당컷,5주차,684302.0,46.0
GS SHOP,기타/PB,5주차,28397.0,1.0
GS SHOP,기타/PB,5주차,28397.0,1.0
GS SHOP,기타/PB,5주차,28397.0,1.0
GS SHOP,세트/기획전,5주차,402449.0,37.0
11번가,오메가3,5주차,15960.0,4.0
11번가,밀크씨슬,5주차,3990.0,1.0
11번가,오메가3,5주차,11970.0,1.0
11번가,올리브오일,5주차,3990.0,1.0
11번가,올리브오일,5주차,19950.0,1.0
11번가,코엔자임Q10,5주차,11970.0,3.0
11번가,코엔자임Q10,5주차,11970.0,1.0
11번가,코엔자임Q10,5주차,19950.0,1.0
11번가,코엔자임Q10,5주차,23940.0,1.0
11번가,혈당컷,5주차,19950.0,1.0
지마켓,오메가3,5주차,35850.0,3.0
지마켓,오메가3,5주차,19900.0,1.0
지마켓,루테인,5주차,7980.0,2.0
지마켓,루테인,5주차,11950.0,1.0
지마켓,밀크씨슬,5주차,11970.0,3.0
지마켓,MSM,5주차,19900.0,1.0
지마켓,올리브오일,5주차,7980.0,2.0
지마켓,올리브오일,5주차,99500.0,5.0
지마켓,올리브오일,5주차,47780.0,2.0
지마켓,멀티비타민,5주차,3990.0,1.0
지마켓,칼마디아K,5주차,11950.0,1.0
지마켓,코엔자임Q10,5주차,3990.0,1.0
지마켓,코엔자임Q10,5주차,39800.0,2.0
지마켓,코엔자임Q10,5주차,23890.0,1.0
지마켓,혈당컷,5주차,23900.0,2.0
지마켓,혈당컷,5주차,99500.0,5.0
지마켓,혈당컷,5주차,23890.0,1.0
옥션,오메가3,5주차,43890.0,11.0
옥션,오메가3,5주차,11950.0,1.0
옥션,오메가3,5주차,39800.0,2.0
옥션,오메가3,5주차,23890.0,1.0
옥션,밀크씨슬,5주차,3990.0,1.0
옥션,MSM,5주차,7980.0,2.0
옥션,MSM,5주차,19900.0,1.0
옥션,올리브오일,5주차,23940.0,6.0
옥션,코엔자임Q10,5주차,59700.0,3.0
옥션,마그네슘,5주차,11950.0,1.0
옥션,혈당컷,5주차,23890.0,1.0
네이버,루테인,5주차,25390.0,1.0
네이버,밀크씨슬,5주차,25390.0,1.0
네이버,세트/기획전,5주차,166530.0,8.0
네이버,세트/기획전,5주차,19900.0,1.0
네이버,MSM,5주차,11970.0,3.0
네이버,MSM,5주차,39800.0,2.0
네이버,오메가3,5주차,130670.0,33.0
네이버,오메가3,5주차,83290.0,7.0
네이버,오메가3,5주차,153820.0,9.0
네이버,오메가3,5주차,378240.0,17.0
네이버,세트/기획전,5주차,11950.0,1.0
네이버,세트/기획전,5주차,11950.0,1.0
네이버,루테인,5주차,3990.0,1.0
네이버,루테인,5주차,47440.0,4.0
네이버,루테인,5주차,99500.0,5.0
네이버,루테인,5주차,47780.0,2.0
네이버,멀티비타민,5주차,19950.0,5.0
네이버,멀티비타민,5주차,11950.0,1.0
네이버,멀티비타민,5주차,39800.0,2.0
네이버,밀크씨슬,5주차,19950.0,5.0
네이버,밀크씨슬,5주차,79600.0,4.0
네이버,밀크씨슬,5주차,69670.0,3.0
네이버,비타민C,5주차,11970.0,3.0
네이버,비타민C,5주차,23900.0,2.0
네이버,비타민C,5주차,19900.0,1.0
네이버,비타민C,5주차,23890.0,1.0
네이버,세트/기획전,5주차,23900.0,2.0
네이버,올리브오일,5주차,91770.0,23.0
네이버,올리브오일,5주차,47800.0,4.0
네이버,올리브오일,5주차,218900.0,11.0
네이버,올리브오일,5주차,421120.0,19.0
네이버,세트/기획전,5주차,11950.0,1.0
네이버,칼마디아K,5주차,3990.0,1.0
네이버,칼마디아K,5주차,35850.0,3.0
네이버,칼마디아K,5주차,99500.0,5.0
네이버,칼마디아K,5주차,23890.0,1.0
네이버,코엔자임Q10,5주차,35910.0,9.0
네이버,코엔자임Q10,5주차,11950.0,1.0
네이버,코엔자임Q10,5주차,98500.0,5.0
네이버,코엔자임Q10,5주차,118450.0,8.0
네이버,마그네슘,5주차,71020.0,19.0
네이버,마그네슘,5주차,59750.0,5.0
네이버,마그네슘,5주차,39800.0,2.0
네이버,마그네슘,5주차,227270.0,11.0
네이버,혈당컷,5주차,23940.0,6.0
네이버,혈당컷,5주차,23900.0,2.0
네이버,혈당컷,5주차,139300.0,7.0
네이버,혈당컷,5주차,93560.0,5.0
